{
    "faces":[43,0,1,2,3,0,0,1,2,3,0,0,0,0,43,4,7,6,5,0,4,5,6,7,1,1,1,1,43,0,4,5,1,0,8,9,7,1,2,2,2,2,43,1,5,6,2,0,1,7,6,2,3,3,3,3,43,2,6,7,3,0,2,6,10,11,4,4,4,4,43,4,0,3,7,0,4,12,13,5,5,5,5,5],
    "metadata":{
        "faces":6,
        "version":3,
        "type":"Geometry",
        "materials":1,
        "normals":6,
        "generator":"io_three",
        "uvs":1,
        "vertices":8
    },
    "materials":[{
        "mapDiffuse":"1_1.png",
        "mapDiffuseAnisotropy":1,
        "opacity":1,
        "specularCoef":50,
        "visible":true,
        "shading":"phong",
        "blending":"NormalBlending",
        "colorEmissive":[0,0,0],
        "DbgName":"Material",
        "DbgIndex":0,
        "transparent":false,
        "depthTest":true,
        "mapDiffuseWrap":["RepeatWrapping","RepeatWrapping"],
        "mapDiffuseRepeat":[1,1],
        "DbgColor":15658734,
        "colorDiffuse":[0.64,0.64,0.64],
        "wireframe":false,
        "colorSpecular":[0.5,0.5,0.5],
        "depthWrite":true
    }],
    "normals":[-0,-1,0,0,1,-0,1,0,0,-0,-0,1,-1,-0,-0,0,0,-1],
    "uvs":[[0.633867,8.7e-05,0.633867,0.250043,0.38391,0.250043,0.38391,8.7e-05,0.633867,0.749957,0.38391,0.749957,0.38391,0.5,0.633867,0.5,0.883823,0.250043,0.883823,0.5,0.133953,0.5,0.133953,0.250043,0.633867,0.999913,0.38391,0.999913]],
    "vertices":[1,-1,-1,1,-1,1,-1,-1,1,-1,-1,-1,1,1,-1,0.999999,1,1,-1,1,1,-1,1,-1]
}